{
"meta":{"test_sets":[],"test_metrics":[],"learn_metrics":[{"best_value":"Min","name":"RMSE"}],"launch_mode":"Train","parameters":"","iteration_count":300,"learn_sets":["learn"],"name":"experiment"},
"iterations":[
{"learn":[0.3857102551],"iteration":0,"passed_time":0.006087117327,"remaining_time":1.820048081},
{"learn":[0.3726144699],"iteration":1,"passed_time":0.01107662021,"remaining_time":1.650416411},
{"learn":[0.3594448003],"iteration":2,"passed_time":0.01618468871,"remaining_time":1.602284182},
{"learn":[0.3470844805],"iteration":3,"passed_time":0.02128807995,"remaining_time":1.575317916},
{"learn":[0.336252993],"iteration":4,"passed_time":0.02644749723,"remaining_time":1.560402337},
{"learn":[0.3252892537],"iteration":5,"passed_time":0.0314836091,"remaining_time":1.542696846},
{"learn":[0.3150929966],"iteration":6,"passed_time":0.03640009197,"remaining_time":1.52360385},
{"learn":[0.3050650351],"iteration":7,"passed_time":0.04146435776,"remaining_time":1.513449058},
{"learn":[0.2957354417],"iteration":8,"passed_time":0.04668332772,"remaining_time":1.509427596},
{"learn":[0.2867947549],"iteration":9,"passed_time":0.05193734505,"remaining_time":1.506183007},
{"learn":[0.2779939771],"iteration":10,"passed_time":0.05747523159,"remaining_time":1.510031084},
{"learn":[0.2703017352],"iteration":11,"passed_time":0.06257192389,"remaining_time":1.501726173},
{"learn":[0.2629680356],"iteration":12,"passed_time":0.06784209153,"remaining_time":1.497744636},
{"learn":[0.2558122739],"iteration":13,"passed_time":0.07317582867,"remaining_time":1.494877643},
{"learn":[0.2488310876],"iteration":14,"passed_time":0.07844244277,"remaining_time":1.490406413},
{"learn":[0.2425629356],"iteration":15,"passed_time":0.08370291241,"remaining_time":1.485726695},
{"learn":[0.2363742989],"iteration":16,"passed_time":0.088942396,"remaining_time":1.480629298},
{"learn":[0.2306146536],"iteration":17,"passed_time":0.09412634463,"remaining_time":1.474646066},
{"learn":[0.2249832792],"iteration":18,"passed_time":0.09930529033,"remaining_time":1.468672978},
{"learn":[0.2197696762],"iteration":19,"passed_time":0.1046463934,"remaining_time":1.465049507},
{"learn":[0.2146862664],"iteration":20,"passed_time":0.1098145786,"remaining_time":1.458965115},
{"learn":[0.2101642828],"iteration":21,"passed_time":0.1149871301,"remaining_time":1.45301919},
{"learn":[0.2054534687],"iteration":22,"passed_time":0.1203995224,"remaining_time":1.450029031},
{"learn":[0.2012046083],"iteration":23,"passed_time":0.1257285267,"remaining_time":1.445878057},
{"learn":[0.1971984537],"iteration":24,"passed_time":0.1308245573,"remaining_time":1.43907013},
{"learn":[0.193150086],"iteration":25,"passed_time":0.1364732515,"remaining_time":1.438218112},
{"learn":[0.1894958471],"iteration":26,"passed_time":0.1416874443,"remaining_time":1.432617493},
{"learn":[0.1858998031],"iteration":27,"passed_time":0.146941611,"remaining_time":1.427432793},
{"learn":[0.1826103304],"iteration":28,"passed_time":0.1521776696,"remaining_time":1.422074085},
{"learn":[0.1794239182],"iteration":29,"passed_time":0.1572336368,"remaining_time":1.415102732},
{"learn":[0.1766483625],"iteration":30,"passed_time":0.1624521292,"remaining_time":1.40966525},
{"learn":[0.1739566214],"iteration":31,"passed_time":0.1676790208,"remaining_time":1.404311799},
{"learn":[0.1711602629],"iteration":32,"passed_time":0.1729351553,"remaining_time":1.39920262},
{"learn":[0.1680700591],"iteration":33,"passed_time":0.1780056151,"remaining_time":1.392632165},
{"learn":[0.1653090643],"iteration":34,"passed_time":0.1832920663,"remaining_time":1.387782788},
{"learn":[0.1628397401],"iteration":35,"passed_time":0.1885686059,"remaining_time":1.382836443},
{"learn":[0.1606853773],"iteration":36,"passed_time":0.1938815298,"remaining_time":1.378130874},
{"learn":[0.1580146813],"iteration":37,"passed_time":0.1989676231,"remaining_time":1.371829402},
{"learn":[0.1558967975],"iteration":38,"passed_time":0.204080263,"remaining_time":1.365767914},
{"learn":[0.153835353],"iteration":39,"passed_time":0.2095896057,"remaining_time":1.362332437},
{"learn":[0.1517414357],"iteration":40,"passed_time":0.2148418753,"remaining_time":1.357171847},
{"learn":[0.1501133785],"iteration":41,"passed_time":0.2198293439,"remaining_time":1.350380256},
{"learn":[0.1478726317],"iteration":42,"passed_time":0.22529231,"remaining_time":1.346514504},
{"learn":[0.1462518513],"iteration":43,"passed_time":0.2303163492,"remaining_time":1.340022395},
{"learn":[0.1444958059],"iteration":44,"passed_time":0.2353823318,"remaining_time":1.333833213},
{"learn":[0.1427220625],"iteration":45,"passed_time":0.2407043449,"remaining_time":1.3291066},
{"learn":[0.1411744559],"iteration":46,"passed_time":0.2459785307,"remaining_time":1.324097197},
{"learn":[0.1397453148],"iteration":47,"passed_time":0.2513907684,"remaining_time":1.319801534},
{"learn":[0.1382409313],"iteration":48,"passed_time":0.2566142559,"remaining_time":1.314493433},
{"learn":[0.1365879885],"iteration":49,"passed_time":0.2617692629,"remaining_time":1.308846315},
{"learn":[0.1353864999],"iteration":50,"passed_time":0.2670246897,"remaining_time":1.303708779},
{"learn":[0.1339227223],"iteration":51,"passed_time":0.2723173045,"remaining_time":1.298744068},
{"learn":[0.1326978685],"iteration":52,"passed_time":0.2775252621,"remaining_time":1.293372448},
{"learn":[0.1313942803],"iteration":53,"passed_time":0.2827005561,"remaining_time":1.287858089},
{"learn":[0.130202924],"iteration":54,"passed_time":0.287900025,"remaining_time":1.282463748},
{"learn":[0.1291640114],"iteration":55,"passed_time":0.2933777414,"remaining_time":1.278288731},
{"learn":[0.1280242454],"iteration":56,"passed_time":0.2992605248,"remaining_time":1.275794869},
{"learn":[0.1269967835],"iteration":57,"passed_time":0.3052699214,"remaining_time":1.273712431},
{"learn":[0.1259436492],"iteration":58,"passed_time":0.3109505936,"remaining_time":1.27015412},
{"learn":[0.1250483739],"iteration":59,"passed_time":0.3163842338,"remaining_time":1.265536935},
{"learn":[0.124166761],"iteration":60,"passed_time":0.3218954957,"remaining_time":1.261197106},
{"learn":[0.1233976889],"iteration":61,"passed_time":0.3269867309,"remaining_time":1.255207128},
{"learn":[0.1225046785],"iteration":62,"passed_time":0.3320316319,"remaining_time":1.249071377},
{"learn":[0.1216611072],"iteration":63,"passed_time":0.33711316,"remaining_time":1.243104778},
{"learn":[0.1206202992],"iteration":64,"passed_time":0.3423470576,"remaining_time":1.237716285},
{"learn":[0.1198273705],"iteration":65,"passed_time":0.3474768312,"remaining_time":1.23196331},
{"learn":[0.1191225038],"iteration":66,"passed_time":0.3526652391,"remaining_time":1.226432846},
{"learn":[0.1183885259],"iteration":67,"passed_time":0.3580346749,"remaining_time":1.221530067},
{"learn":[0.1173664741],"iteration":68,"passed_time":0.3634384239,"remaining_time":1.216728637},
{"learn":[0.1165354521],"iteration":69,"passed_time":0.3688812532,"remaining_time":1.212038403},
{"learn":[0.1160240483],"iteration":70,"passed_time":0.3741423567,"remaining_time":1.206740841},
{"learn":[0.1153587257],"iteration":71,"passed_time":0.3795569118,"remaining_time":1.201930221},
{"learn":[0.1147143073],"iteration":72,"passed_time":0.3854075909,"remaining_time":1.198459221},
{"learn":[0.1140816498],"iteration":73,"passed_time":0.3906122911,"remaining_time":1.192951051},
{"learn":[0.1133151404],"iteration":74,"passed_time":0.3960226348,"remaining_time":1.188067904},
{"learn":[0.1125079254],"iteration":75,"passed_time":0.4013028686,"remaining_time":1.182787402},
{"learn":[0.1119676748],"iteration":76,"passed_time":0.4065609675,"remaining_time":1.177442802},
{"learn":[0.1113985715],"iteration":77,"passed_time":0.4118364663,"remaining_time":1.172149943},
{"learn":[0.1107335741],"iteration":78,"passed_time":0.4171609423,"remaining_time":1.166994535},
{"learn":[0.1102277098],"iteration":79,"passed_time":0.4224372926,"remaining_time":1.161702555},
{"learn":[0.1096403055],"iteration":80,"passed_time":0.4280633994,"remaining_time":1.157356598},
{"learn":[0.1092150042],"iteration":81,"passed_time":0.433348762,"remaining_time":1.152073538},
{"learn":[0.1087913759],"iteration":82,"passed_time":0.4388626396,"remaining_time":1.147387865},
{"learn":[0.1082267732],"iteration":83,"passed_time":0.4441323274,"remaining_time":1.142054556},
{"learn":[0.1076803355],"iteration":84,"passed_time":0.4493327898,"remaining_time":1.136547645},
{"learn":[0.1072479935],"iteration":85,"passed_time":0.454705975,"remaining_time":1.131477659},
{"learn":[0.1066863971],"iteration":86,"passed_time":0.4600934117,"remaining_time":1.126435594},
{"learn":[0.106344237],"iteration":87,"passed_time":0.4655104943,"remaining_time":1.1214571},
{"learn":[0.1058148206],"iteration":88,"passed_time":0.4708794712,"remaining_time":1.116354701},
{"learn":[0.1054212285],"iteration":89,"passed_time":0.4760591012,"remaining_time":1.110804569},
{"learn":[0.1050179351],"iteration":90,"passed_time":0.4812221341,"remaining_time":1.105224462},
{"learn":[0.1046823874],"iteration":91,"passed_time":0.4865625541,"remaining_time":1.10005447},
{"learn":[0.1042565057],"iteration":92,"passed_time":0.4921698224,"remaining_time":1.095474766},
{"learn":[0.1038851687],"iteration":93,"passed_time":0.4974504827,"remaining_time":1.090157441},
{"learn":[0.1033979241],"iteration":94,"passed_time":0.5027475177,"remaining_time":1.084876222},
{"learn":[0.1030664141],"iteration":95,"passed_time":0.5080370409,"remaining_time":1.079578712},
{"learn":[0.1027591306],"iteration":96,"passed_time":0.513167986,"remaining_time":1.073949496},
{"learn":[0.1024268788],"iteration":97,"passed_time":0.5184579113,"remaining_time":1.068658144},
{"learn":[0.1020598641],"iteration":98,"passed_time":0.5237567878,"remaining_time":1.063384993},
{"learn":[0.1016283461],"iteration":99,"passed_time":0.5288407353,"remaining_time":1.057681471},
{"learn":[0.1012604662],"iteration":100,"passed_time":0.5340385768,"remaining_time":1.052214622},
{"learn":[0.1010056089],"iteration":101,"passed_time":0.5394366059,"remaining_time":1.047141647},
{"learn":[0.1006570434],"iteration":102,"passed_time":0.5444959348,"remaining_time":1.041414555},
{"learn":[0.1004573684],"iteration":103,"passed_time":0.5495916771,"remaining_time":1.03576893},
{"learn":[0.1002153582],"iteration":104,"passed_time":0.554900087,"remaining_time":1.030528733},
{"learn":[0.09991744453],"iteration":105,"passed_time":0.5601037946,"remaining_time":1.025095624},
{"learn":[0.09962445906],"iteration":106,"passed_time":0.5652683455,"remaining_time":1.019596175},
{"learn":[0.0994633929],"iteration":107,"passed_time":0.5666110168,"remaining_time":1.007308474},
{"learn":[0.09917561265],"iteration":108,"passed_time":0.5718105925,"remaining_time":1.001980029},
{"learn":[0.09895135728],"iteration":109,"passed_time":0.577051033,"remaining_time":0.9967245116},
{"learn":[0.09845316349],"iteration":110,"passed_time":0.582156861,"remaining_time":0.9912400607},
{"learn":[0.09809383031],"iteration":111,"passed_time":0.5872899945,"remaining_time":0.9858082051},
{"learn":[0.09782254032],"iteration":112,"passed_time":0.5926219128,"remaining_time":0.980710599},
{"learn":[0.0974710366],"iteration":113,"passed_time":0.5977078133,"remaining_time":0.9752074849},
{"learn":[0.0971403091],"iteration":114,"passed_time":0.603225772,"remaining_time":0.9704066767},
{"learn":[0.09692661583],"iteration":115,"passed_time":0.6084115382,"remaining_time":0.9650665778},
{"learn":[0.09665480285],"iteration":116,"passed_time":0.6135638419,"remaining_time":0.9596767783},
{"learn":[0.09638614681],"iteration":117,"passed_time":0.6189750232,"remaining_time":0.95469029},
{"learn":[0.09613716102],"iteration":118,"passed_time":0.6241889615,"remaining_time":0.9493966558},
{"learn":[0.09591559704],"iteration":119,"passed_time":0.6292640955,"remaining_time":0.9438961433},
{"learn":[0.09570380372],"iteration":120,"passed_time":0.6346645745,"remaining_time":0.9388839573},
{"learn":[0.09552147321],"iteration":121,"passed_time":0.6397930559,"remaining_time":0.9334685569},
{"learn":[0.09523979663],"iteration":122,"passed_time":0.6450453251,"remaining_time":0.9282359556},
{"learn":[0.09503219843],"iteration":123,"passed_time":0.6504549719,"remaining_time":0.9232264117},
{"learn":[0.09486176681],"iteration":124,"passed_time":0.6555187644,"remaining_time":0.9177262702},
{"learn":[0.0943578427],"iteration":125,"passed_time":0.6607243408,"remaining_time":0.9124288516},
{"learn":[0.09420336977],"iteration":126,"passed_time":0.6659779431,"remaining_time":0.9071983004},
{"learn":[0.09390610559],"iteration":127,"passed_time":0.6710340024,"remaining_time":0.9017019407},
{"learn":[0.09364397722],"iteration":128,"passed_time":0.6760872732,"remaining_time":0.896208711},
{"learn":[0.09335888784],"iteration":129,"passed_time":0.6814430737,"remaining_time":0.8911178656},
{"learn":[0.09314276886],"iteration":130,"passed_time":0.6865567478,"remaining_time":0.8857106135},
{"learn":[0.09288001785],"iteration":131,"passed_time":0.6917499259,"remaining_time":0.8804089966},
{"learn":[0.09263656153],"iteration":132,"passed_time":0.6970539499,"remaining_time":0.8752481927},
{"learn":[0.09246305511],"iteration":133,"passed_time":0.7022422479,"remaining_time":0.8699418892},
{"learn":[0.09211282843],"iteration":134,"passed_time":0.7074917699,"remaining_time":0.8647121633},
{"learn":[0.09186511863],"iteration":135,"passed_time":0.7128105704,"remaining_time":0.8595656878},
{"learn":[0.09165441266],"iteration":136,"passed_time":0.7178629415,"remaining_time":0.8540997042},
{"learn":[0.09147504153],"iteration":137,"passed_time":0.7230407861,"remaining_time":0.8487870098},
{"learn":[0.09125186113],"iteration":138,"passed_time":0.728308441,"remaining_time":0.8435802806},
{"learn":[0.09108680738],"iteration":139,"passed_time":0.7334134727,"remaining_time":0.8381868259},
{"learn":[0.09089286025],"iteration":140,"passed_time":0.7384417801,"remaining_time":0.8327109435},
{"learn":[0.09067725571],"iteration":141,"passed_time":0.7439120924,"remaining_time":0.8277331733},
{"learn":[0.09048097352],"iteration":142,"passed_time":0.7489571229,"remaining_time":0.8222815965},
{"learn":[0.09023485209],"iteration":143,"passed_time":0.7541207845,"remaining_time":0.8169641833},
{"learn":[0.09004116965],"iteration":144,"passed_time":0.7594125018,"remaining_time":0.8117857778},
{"learn":[0.08978491004],"iteration":145,"passed_time":0.7646740414,"remaining_time":0.8065739888},
{"learn":[0.08953645348],"iteration":146,"passed_time":0.7699977692,"remaining_time":0.8014262496},
{"learn":[0.08931450905],"iteration":147,"passed_time":0.7755713705,"remaining_time":0.7965327589},
{"learn":[0.08902853887],"iteration":148,"passed_time":0.7807815851,"remaining_time":0.7912618748},
{"learn":[0.08888160509],"iteration":149,"passed_time":0.7859882353,"remaining_time":0.7859882353},
{"learn":[0.08873233267],"iteration":150,"passed_time":0.7911587079,"remaining_time":0.7806797847},
{"learn":[0.08841196279],"iteration":151,"passed_time":0.7963462431,"remaining_time":0.775389763},
{"learn":[0.08825337702],"iteration":152,"passed_time":0.8015267385,"remaining_time":0.7700943174},
{"learn":[0.08808694914],"iteration":153,"passed_time":0.8068243362,"remaining_time":0.7649113837},
{"learn":[0.08798174083],"iteration":154,"passed_time":0.8119075621,"remaining_time":0.759526429},
{"learn":[0.08778002837],"iteration":155,"passed_time":0.8172373206,"remaining_time":0.7543729113},
{"learn":[0.08765761629],"iteration":156,"passed_time":0.8225440271,"remaining_time":0.7491961521},
{"learn":[0.0874363516],"iteration":157,"passed_time":0.827540832,"remaining_time":0.7437392288},
{"learn":[0.08737327178],"iteration":158,"passed_time":0.8325489211,"remaining_time":0.7382980998},
{"learn":[0.08717995945],"iteration":159,"passed_time":0.8378116438,"remaining_time":0.7330851883},
{"learn":[0.0870560387],"iteration":160,"passed_time":0.8428569487,"remaining_time":0.7276839495},
{"learn":[0.08685429533],"iteration":161,"passed_time":0.848161083,"remaining_time":0.7225075892},
{"learn":[0.08671574356],"iteration":162,"passed_time":0.8532491163,"remaining_time":0.7171480303},
{"learn":[0.08649418403],"iteration":163,"passed_time":0.8583959803,"remaining_time":0.711840569},
{"learn":[0.08636886515],"iteration":164,"passed_time":0.8635978252,"remaining_time":0.7065800388},
{"learn":[0.08629176758],"iteration":165,"passed_time":0.8686570155,"remaining_time":0.7012050607},
{"learn":[0.08614943753],"iteration":166,"passed_time":0.8737184468,"remaining_time":0.6958356493},
{"learn":[0.08602310363],"iteration":167,"passed_time":0.87891072,"remaining_time":0.6905727086},
{"learn":[0.08583687348],"iteration":168,"passed_time":0.8840609213,"remaining_time":0.6852779923},
{"learn":[0.08558163989],"iteration":169,"passed_time":0.8894162884,"remaining_time":0.6801418676},
{"learn":[0.08548923623],"iteration":170,"passed_time":0.8946159132,"remaining_time":0.6748856889},
{"learn":[0.08517972269],"iteration":171,"passed_time":0.8998978995,"remaining_time":0.6696914601},
{"learn":[0.08499114994],"iteration":172,"passed_time":0.9049708494,"remaining_time":0.6643427623},
{"learn":[0.08470193901],"iteration":173,"passed_time":0.9101698033,"remaining_time":0.6590884783},
{"learn":[0.0845114614],"iteration":174,"passed_time":0.9155936699,"remaining_time":0.6539954785},
{"learn":[0.08437730625],"iteration":175,"passed_time":0.9206616582,"remaining_time":0.6486479864},
{"learn":[0.08415283946],"iteration":176,"passed_time":0.9259419967,"remaining_time":0.643451218},
{"learn":[0.08400343626],"iteration":177,"passed_time":0.9312354239,"remaining_time":0.6382624815},
{"learn":[0.08378235825],"iteration":178,"passed_time":0.9364979929,"remaining_time":0.6330517159},
{"learn":[0.08359701138],"iteration":179,"passed_time":0.9416359847,"remaining_time":0.6277573231},
{"learn":[0.08345969282],"iteration":180,"passed_time":0.9467938497,"remaining_time":0.6224777244},
{"learn":[0.08322958804],"iteration":181,"passed_time":0.9518943752,"remaining_time":0.6171622872},
{"learn":[0.08310754524],"iteration":182,"passed_time":0.957238931,"remaining_time":0.6120052182},
{"learn":[0.08286769164],"iteration":183,"passed_time":0.9626495053,"remaining_time":0.6068877316},
{"learn":[0.08265157069],"iteration":184,"passed_time":0.9678207021,"remaining_time":0.6016182743},
{"learn":[0.08257344594],"iteration":185,"passed_time":0.972989358,"remaining_time":0.5963483162},
{"learn":[0.08235677802],"iteration":186,"passed_time":0.9781449868,"remaining_time":0.5910715696},
{"learn":[0.08218359551],"iteration":187,"passed_time":0.9832979036,"remaining_time":0.5857944958},
{"learn":[0.08203871751],"iteration":188,"passed_time":0.9887293988,"remaining_time":0.5806823453},
{"learn":[0.08190793488],"iteration":189,"passed_time":0.9938708682,"remaining_time":0.5753989237},
{"learn":[0.08171035416],"iteration":190,"passed_time":0.999120949,"remaining_time":0.5701789709},
{"learn":[0.08149387198],"iteration":191,"passed_time":1.004323121,"remaining_time":0.5649317555},
{"learn":[0.0813900105],"iteration":192,"passed_time":1.009367247,"remaining_time":0.5595973858},
{"learn":[0.08129778596],"iteration":193,"passed_time":1.014342056,"remaining_time":0.5542281338},
{"learn":[0.08106527819],"iteration":194,"passed_time":1.019861145,"remaining_time":0.549156001},
{"learn":[0.08095746304],"iteration":195,"passed_time":1.025004875,"remaining_time":0.5438801379},
{"learn":[0.08074771989],"iteration":196,"passed_time":1.030320138,"remaining_time":0.5386953005},
{"learn":[0.08050020082],"iteration":197,"passed_time":1.035646932,"remaining_time":0.533515086},
{"learn":[0.08036789498],"iteration":198,"passed_time":1.040909592,"remaining_time":0.5283008481},
{"learn":[0.08024661001],"iteration":199,"passed_time":1.046057008,"remaining_time":0.5230285041},
{"learn":[0.08001622872],"iteration":200,"passed_time":1.05137925,"remaining_time":0.5178435113},
{"learn":[0.07978050966],"iteration":201,"passed_time":1.056589198,"remaining_time":0.5126026803},
{"learn":[0.07958718955],"iteration":202,"passed_time":1.061711751,"remaining_time":0.5073203933},
{"learn":[0.07942721298],"iteration":203,"passed_time":1.066826631,"remaining_time":0.5020360615},
{"learn":[0.07929292701],"iteration":204,"passed_time":1.071998438,"remaining_time":0.496779764},
{"learn":[0.07923587331],"iteration":205,"passed_time":1.077045136,"remaining_time":0.491467198},
{"learn":[0.07900343733],"iteration":206,"passed_time":1.0823491,"remaining_time":0.4862727841},
{"learn":[0.07889926239],"iteration":207,"passed_time":1.08766039,"remaining_time":0.4810805573},
{"learn":[0.07883182327],"iteration":208,"passed_time":1.092669884,"remaining_time":0.4757557867},
{"learn":[0.07878488976],"iteration":209,"passed_time":1.097703045,"remaining_time":0.4704441622},
{"learn":[0.07867233719],"iteration":210,"passed_time":1.103100506,"remaining_time":0.4652888388},
{"learn":[0.07856328898],"iteration":211,"passed_time":1.108156371,"remaining_time":0.4599894371},
{"learn":[0.07850977758],"iteration":212,"passed_time":1.113248244,"remaining_time":0.4547070292},
{"learn":[0.07838506097],"iteration":213,"passed_time":1.118698073,"remaining_time":0.4495702538},
{"learn":[0.07831802681],"iteration":214,"passed_time":1.123798488,"remaining_time":0.4442924255},
{"learn":[0.07822937875],"iteration":215,"passed_time":1.12885319,"remaining_time":0.4389984628},
{"learn":[0.07807179125],"iteration":216,"passed_time":1.134018184,"remaining_time":0.4337488906},
{"learn":[0.0779221483],"iteration":217,"passed_time":1.139090146,"remaining_time":0.4284651006},
{"learn":[0.0778515451],"iteration":218,"passed_time":1.144171407,"remaining_time":0.4231866849},
{"learn":[0.07759358141],"iteration":219,"passed_time":1.14938867,"remaining_time":0.4179595162},
{"learn":[0.0774679724],"iteration":220,"passed_time":1.154540069,"remaining_time":0.4127088936},
{"learn":[0.07722722132],"iteration":221,"passed_time":1.159887697,"remaining_time":0.4075281098},
{"learn":[0.0771167367],"iteration":222,"passed_time":1.165527492,"remaining_time":0.4024467124},
{"learn":[0.07707852523],"iteration":223,"passed_time":1.170579078,"remaining_time":0.3971607586},
{"learn":[0.07694852903],"iteration":224,"passed_time":1.175703376,"remaining_time":0.3919011253},
{"learn":[0.07689915924],"iteration":225,"passed_time":1.18113651,"remaining_time":0.3867438129},
{"learn":[0.07673150707],"iteration":226,"passed_time":1.186274209,"remaining_time":0.3814890629},
{"learn":[0.07669608498],"iteration":227,"passed_time":1.191396815,"remaining_time":0.3762305732},
{"learn":[0.07652018048],"iteration":228,"passed_time":1.196809902,"remaining_time":0.3710633322},
{"learn":[0.07626271095],"iteration":229,"passed_time":1.201970964,"remaining_time":0.3658172499},
{"learn":[0.07603651533],"iteration":230,"passed_time":1.207121728,"remaining_time":0.3605688279},
{"learn":[0.07600132508],"iteration":231,"passed_time":1.21255603,"remaining_time":0.3554043535},
{"learn":[0.07579536437],"iteration":232,"passed_time":1.217699419,"remaining_time":0.3501539102},
{"learn":[0.07575874372],"iteration":233,"passed_time":1.222703816,"remaining_time":0.3448651787},
{"learn":[0.07560267753],"iteration":234,"passed_time":1.227959667,"remaining_time":0.3396484185},
{"learn":[0.07549481906],"iteration":235,"passed_time":1.233072207,"remaining_time":0.3343924629},
{"learn":[0.07530015043],"iteration":236,"passed_time":1.238066718,"remaining_time":0.3291063429},
{"learn":[0.07516826593],"iteration":237,"passed_time":1.243358247,"remaining_time":0.3239000475},
{"learn":[0.07492731887],"iteration":238,"passed_time":1.24862333,"remaining_time":0.3186862893},
{"learn":[0.07486613508],"iteration":239,"passed_time":1.253682555,"remaining_time":0.3134206387},
{"learn":[0.07460102703],"iteration":240,"passed_time":1.259002709,"remaining_time":0.3082205803},
{"learn":[0.07437828057],"iteration":241,"passed_time":1.264157781,"remaining_time":0.3029799641},
{"learn":[0.07434884297],"iteration":242,"passed_time":1.269127698,"remaining_time":0.2976966205},
{"learn":[0.0740908675],"iteration":243,"passed_time":1.274861831,"remaining_time":0.2925912398},
{"learn":[0.07397320875],"iteration":244,"passed_time":1.280108836,"remaining_time":0.2873713712},
{"learn":[0.07393746476],"iteration":245,"passed_time":1.285394895,"remaining_time":0.282159855},
{"learn":[0.07383529931],"iteration":246,"passed_time":1.291096559,"remaining_time":0.2770369136},
{"learn":[0.0738105913],"iteration":247,"passed_time":1.296287296,"remaining_time":0.2718021751},
{"learn":[0.0736018784],"iteration":248,"passed_time":1.301794182,"remaining_time":0.2666325434},
{"learn":[0.07351178487],"iteration":249,"passed_time":1.30724086,"remaining_time":0.2614481721},
{"learn":[0.07329163748],"iteration":250,"passed_time":1.312639755,"remaining_time":0.2562523825},
{"learn":[0.07309418247],"iteration":251,"passed_time":1.318018829,"remaining_time":0.2510512055},
{"learn":[0.07286824346],"iteration":252,"passed_time":1.323473429,"remaining_time":0.2458626528},
{"learn":[0.07270357221],"iteration":253,"passed_time":1.328718075,"remaining_time":0.2406339822},
{"learn":[0.07253418823],"iteration":254,"passed_time":1.334023106,"remaining_time":0.2354158422},
{"learn":[0.07243715876],"iteration":255,"passed_time":1.339201212,"remaining_time":0.2301752083},
{"learn":[0.0722920852],"iteration":256,"passed_time":1.344597408,"remaining_time":0.2249715508},
{"learn":[0.07226111623],"iteration":257,"passed_time":1.34995381,"remaining_time":0.2197599226},
{"learn":[0.07208208737],"iteration":258,"passed_time":1.35505636,"remaining_time":0.2145069914},
{"learn":[0.07196989231],"iteration":259,"passed_time":1.360269135,"remaining_time":0.2092721746},
{"learn":[0.07185833386],"iteration":260,"passed_time":1.365793177,"remaining_time":0.204084038},
{"learn":[0.0717543283],"iteration":261,"passed_time":1.370822391,"remaining_time":0.1988215682},
{"learn":[0.07158137206],"iteration":262,"passed_time":1.375965931,"remaining_time":0.1935769561},
{"learn":[0.07146823047],"iteration":263,"passed_time":1.381202655,"remaining_time":0.1883458166},
{"learn":[0.07140966365],"iteration":264,"passed_time":1.38643332,"remaining_time":0.1831138348},
{"learn":[0.07125230384],"iteration":265,"passed_time":1.391852457,"remaining_time":0.1779059531},
{"learn":[0.07110151645],"iteration":266,"passed_time":1.39701847,"remaining_time":0.1726652041},
{"learn":[0.07094076638],"iteration":267,"passed_time":1.402214663,"remaining_time":0.1674286165},
{"learn":[0.07074820241],"iteration":268,"passed_time":1.407297969,"remaining_time":0.1621793198},
{"learn":[0.07057397983],"iteration":269,"passed_time":1.412945558,"remaining_time":0.1569939509},
{"learn":[0.07043036509],"iteration":270,"passed_time":1.41811199,"remaining_time":0.1517536816},
{"learn":[0.07030101936],"iteration":271,"passed_time":1.423225157,"remaining_time":0.146508472},
{"learn":[0.07028143016],"iteration":272,"passed_time":1.428294272,"remaining_time":0.141259873},
{"learn":[0.07016179349],"iteration":273,"passed_time":1.43350162,"remaining_time":0.1360257011},
{"learn":[0.07012031406],"iteration":274,"passed_time":1.438576606,"remaining_time":0.1307796914},
{"learn":[0.06993564384],"iteration":275,"passed_time":1.443847598,"remaining_time":0.1255519651},
{"learn":[0.0697444001],"iteration":276,"passed_time":1.448948963,"remaining_time":0.1203098417},
{"learn":[0.06962617777],"iteration":277,"passed_time":1.454036859,"remaining_time":0.1150676651},
{"learn":[0.06947675154],"iteration":278,"passed_time":1.459333667,"remaining_time":0.109842319},
{"learn":[0.06937403148],"iteration":279,"passed_time":1.46459064,"remaining_time":0.1046136171},
{"learn":[0.06927723713],"iteration":280,"passed_time":1.469757112,"remaining_time":0.09937859476},
{"learn":[0.06911499903],"iteration":281,"passed_time":1.475084754,"remaining_time":0.09415434598},
{"learn":[0.06907921637],"iteration":282,"passed_time":1.480152422,"remaining_time":0.08891374973},
{"learn":[0.06891303597],"iteration":283,"passed_time":1.485523095,"remaining_time":0.08369144196},
{"learn":[0.06883840317],"iteration":284,"passed_time":1.490888837,"remaining_time":0.07846783354},
{"learn":[0.06868053965],"iteration":285,"passed_time":1.496062408,"remaining_time":0.07323382414},
{"learn":[0.06858461845],"iteration":286,"passed_time":1.501052694,"remaining_time":0.06799193388},
{"learn":[0.06842263604],"iteration":287,"passed_time":1.506281082,"remaining_time":0.06276171177},
{"learn":[0.06832148297],"iteration":288,"passed_time":1.511469007,"remaining_time":0.05752996219},
{"learn":[0.06819844999],"iteration":289,"passed_time":1.516679534,"remaining_time":0.05229929427},
{"learn":[0.06807610735],"iteration":290,"passed_time":1.521907188,"remaining_time":0.04706929449},
{"learn":[0.06797938788],"iteration":291,"passed_time":1.527059379,"remaining_time":0.04183724327},
{"learn":[0.06785116145],"iteration":292,"passed_time":1.532214325,"remaining_time":0.03660580298},
{"learn":[0.06776282789],"iteration":293,"passed_time":1.537915129,"remaining_time":0.03138602304},
{"learn":[0.06762026567],"iteration":294,"passed_time":1.543044805,"remaining_time":0.02615330177},
{"learn":[0.06749518166],"iteration":295,"passed_time":1.548246266,"remaining_time":0.02092224684},
{"learn":[0.06728533167],"iteration":296,"passed_time":1.554135887,"remaining_time":0.01569834229},
{"learn":[0.06710584121],"iteration":297,"passed_time":1.559711612,"remaining_time":0.01046786317},
{"learn":[0.06707489372],"iteration":298,"passed_time":1.564916013,"remaining_time":0.005233832821},
{"learn":[0.06695028964],"iteration":299,"passed_time":1.570468369,"remaining_time":0}
]}